{
  "aureon_manifest_version": "1.0",
  "codex_version_required": "5.1",
  "math_kernel_version": "ATF-MK-2.0",
  "logo_symbol_binding": {
    "symmetry_order": 12,
    "branch_map": "B → ATF basis mapping",
    "operator_encoding": {
      "T": "Primary contraction operator",
      "T*": "Adjoint stabilizer",
      "T#": "Projective refinement operator"
    }
  },
  "operators": {
    "T": {
      "type": "nonlinear_contraction",
      "lipschitz_bound": "L < 0.9",
      "fixed_point_expected": true
    },
    "T*": {
      "type": "dual_stabilizer",
      "coherence_rule": "Preserve norm monotonicity",
      "lipschitz_bound": "L < 1.0"
    },
    "T#": {
      "type": "refinement",
      "definition": "T#(X)=T*(T(X)) + ε",
      "epsilon_bound": 1e-9
    }
  },
  "rqml": {
    "branch_structure": "finite metric tree",
    "hausdorff_contraction_factor": 0.88,
    "max_iterations": 2048,
    "perturbation_tolerance": 1e-9
  },
  "research_mode": {
    "enabled": true,
    "self_refinement_rules": {
      "allow_parameter_adjustment": true,
      "allow_operator_evolution": false,
      "require_stability_proof": true,
      "require_contraction_proof": true,
      "reject_if_lipschitz_breaks": true
    },
    "memory_safety": {
      "immutable_core": true,
      "reject_external_injection": true
    }
  },
  "testing": {
    "enable_rmt_harness": true,
    "require_closed_form_checks": true,
    "max_error_tolerance": 1e-12
  }
}
